dataset,model,attribute,statistical_parity_difference,equal_opportunity_difference,equalised_odds_difference,predictive_parity_difference
adult,LogisticRegression,gender,0.3146419614027751,0.15353681455521673,0.21228487907486387,0.004782400765184103
adult,LogisticRegression,race,0.2758609002169197,0.2947131608548932,0.2947131608548932,0.25555555555555554
adult,RandomForest,gender,0.17612609988252845,0.08522549477681995,0.08522549477681995,0.02491191439384044
adult,RandomForest,race,0.17438313449023862,0.26801557124751035,0.26801557124751035,0.11764705882352944
loan,LogisticRegression,Gender,0.2582928224192165,0.19059929494712102,0.286626746506986,0.0861884368308351
loan,LogisticRegression,Race,0.4673311184939092,0.5096726190476191,0.5096726190476191,0.2711538461538462
loan,RandomForest,Gender,0.24613954818415784,0.15102232667450055,0.34570858283433137,0.09730396810328457
loan,RandomForest,Race,0.19931104773664965,0.21279761904761907,0.38345864661654133,0.1696774193548387
